"_id","name","age","program","mobile","message","createdAt","__v"
"62096f842000a8073efb56d6","Harsh Vinod Patel","40 - 50","Pain Management","5486488482","Harsg","2022-02-13T20:52:20.062Z","0"
"62096ee073fbae2dffcdadf8","Harsh Vinod Patel","20 - 30","Pain Management","9819990459","dwedwede","2022-02-13T20:49:36.559Z","0"
"62096ea473fbae2dffcdacb1","Harsh Vinod Patel","30 - 40","Pain Management","9819990459","wededwd","2022-02-13T20:48:36.966Z","0"
"62096e9a73fbae2dffcdac7d","Harsh Vinod Patel","30 - 40","Pain Management","9819990459","dwdwe","2022-02-13T20:48:26.519Z","0"
"62096e8e73fbae2dffcdac49","Harsh Vinod Patel","20 - 30","Pain Management","9819990459","wfwef","2022-02-13T20:48:14.540Z","0"
"62096e6373fbae2dffcdabe3","Harsh Vinod Patel","20 - 30","Pain Management","9819990459","dewdd","2022-02-13T20:47:31.614Z","0"
"62096e5973fbae2dffcdabe1","Harsh Vinod Patel","30 - 40","Pain Management","9819990459","wdewd","2022-02-13T20:47:21.310Z","0"
"62096e4f73fbae2dffcdabad","Harsh Vinod Patel","20 - 30","Pain Management","9819990459","edwdewd","2022-02-13T20:47:11.383Z","0"
"62096e4573fbae2dffcdab79","Harsh Vinod Patel","10 - 20","Pain Management","9819990459","dqdwq","2022-02-13T20:47:01.539Z","0"
"62096e1573fbae2dffcdab45","Harsh Vinod Patel","30 - 40","Pain Management","9819990459","weccecw","2022-02-13T20:46:13.637Z","0"
"62096e0073fbae2dffcdab11","Harsh Vinod Patel","20 - 30","Pain Management","9819990459","cwcewcew","2022-02-13T20:45:52.317Z","0"
"62096df973fbae2dffcdab0f","Harsh Vinod Patel","20 - 30","Pain Management","9819990459","cwfecewc","2022-02-13T20:45:45.540Z","0"
"62096db473fbae2dffcdaadb","Harsh Vinod Patel","20 - 30","Pain Management","9819990459","dewdewde","2022-02-13T20:44:36.900Z","0"
"62096dac73fbae2dffcdaad9","Harsh Vinod Patel","20 - 30","Pain Management","9819990459","ddewdwdwedwed","2022-02-13T20:44:28.984Z","0"
"62096d9873fbae2dffcdaaa5","Harsh Vinod Patel","20 - 30","Pain Management","9819990459","dwqdqdqdq","2022-02-13T20:44:08.888Z","0"
"62096d6f73fbae2dffcdaa71","Harsh Vinod Patel","20 - 30","Pain Management","9819990459","qwdwqdqdqwdwqd","2022-02-13T20:43:27.610Z","0"
"62096d5073fbae2dffcdaa3a","Harsh Vinod Patel","10 - 20","Pain Management","1232456","dqwdqwdqw","2022-02-13T20:42:56.168Z","0"
"62096ca352f30c84882f8bbb","Harsh Vinod Patel","10 - 20","Pain Management","9819990459","dqwdwdqwddq","2022-02-13T20:40:03.115Z","0"
"62096b0952f30c84882f8a8c","Harsh Vinod Patel","30 - 40","Pain Management","9819990459",";jnionik","2022-02-13T20:33:13.234Z","0"
"62096add52f30c84882f8a58","Harsh Vinod Patel","10 - 20","Pain Management","1232456","qwdwefew","2022-02-13T20:32:29.783Z","0"
"62096ab952f30c84882f8a24","Harsh Vinod Patel","40 - 50","Pain Management","9819990459","qfwefwfwe","2022-02-13T20:31:53.882Z","0"
"6209651952f30c84882f81d4","Harsh Vinod Patel","10 - 20","Pain Management","9819990459","wfffef wfe f we","2022-02-13T20:07:53.351Z","0"
"6209629052f30c84882f7fdd","Harsh","10-20","Weight Gain","9819990459","Hi testing stuff","2022-02-13T19:57:04.613Z","0"